date,series_id,value,unit,frequency,release_version
2009-01-01,obm_spent_value_ge155d_btc_days,0.00000000,BTC,daily,OBM v0.1.0
2009-01-02,obm_spent_value_ge155d_btc_days,0.00000000,BTC,daily,OBM v0.1.0
2009-01-03,obm_spent_value_ge155d_btc_days,0.00000000,BTC,daily,OBM v0.1.0
2009-01-04,obm_spent_value_ge155d_btc_days,0.00000000,BTC,daily,OBM v0.1.0
2009-01-05,obm_spent_value_ge155d_btc_days,0.00000000,BTC,daily,OBM v0.1.0
2009-01-06,obm_spent_value_ge155d_btc_days,0.00000000,BTC,daily,OBM v0.1.0
2009-01-07,obm_spent_value_ge155d_btc_days,0.00000000,BTC,daily,OBM v0.1.0
2009-01-08,obm_spent_value_ge155d_btc_days,0.00000000,BTC,daily,OBM v0.1.0
2009-01-09,obm_spent_value_ge155d_btc_days,0.00000000,BTC,daily,OBM v0.1.0
2009-01-10,obm_spent_value_ge155d_btc_days,0.00000000,BTC,daily,OBM v0.1.0
2009-01-11,obm_spent_value_ge155d_btc_days,0.00000000,BTC,daily,OBM v0.1.0
2009-01-12,obm_spent_value_ge155d_btc_days,0.00000000,BTC,daily,OBM v0.1.0
2009-01-13,obm_spent_value_ge155d_btc_days,0.00000000,BTC,daily,OBM v0.1.0
2009-01-14,obm_spent_value_ge155d_btc_days,0.00000000,BTC,daily,OBM v0.1.0
2009-01-15,obm_spent_value_ge155d_btc_days,0.00000000,BTC,daily,OBM v0.1.0
2009-01-16,obm_spent_value_ge155d_btc_days,0.00000000,BTC,daily,OBM v0.1.0
2009-01-17,obm_spent_value_ge155d_btc_days,0.00000000,BTC,daily,OBM v0.1.0
2009-01-18,obm_spent_value_ge155d_btc_days,0.00000000,BTC,daily,OBM v0.1.0
2009-01-19,obm_spent_value_ge155d_btc_days,0.00000000,BTC,daily,OBM v0.1.0
2009-01-20,obm_spent_value_ge155d_btc_days,0.00000000,BTC,daily,OBM v0.1.0
2009-01-21,obm_spent_value_ge155d_btc_days,0.00000000,BTC,daily,OBM v0.1.0
2009-01-22,obm_spent_value_ge155d_btc_days,0.00000000,BTC,daily,OBM v0.1.0
2009-01-23,obm_spent_value_ge155d_btc_days,0.00000000,BTC,daily,OBM v0.1.0
2009-01-24,obm_spent_value_ge155d_btc_days,0.00000000,BTC,daily,OBM v0.1.0
2009-01-25,obm_spent_value_ge155d_btc_days,0.00000000,BTC,daily,OBM v0.1.0
2009-01-26,obm_spent_value_ge155d_btc_days,0.00000000,BTC,daily,OBM v0.1.0
2009-01-27,obm_spent_value_ge155d_btc_days,0.00000000,BTC,daily,OBM v0.1.0
2009-01-28,obm_spent_value_ge155d_btc_days,0.00000000,BTC,daily,OBM v0.1.0
2009-01-29,obm_spent_value_ge155d_btc_days,0.00000000,BTC,daily,OBM v0.1.0
2009-01-30,obm_spent_value_ge155d_btc_days,0.00000000,BTC,daily,OBM v0.1.0
2009-01-31,obm_spent_value_ge155d_btc_days,0.00000000,BTC,daily,OBM v0.1.0
2009-02-01,obm_spent_value_ge155d_btc_days,0.00000000,BTC,daily,OBM v0.1.0
2009-02-02,obm_spent_value_ge155d_btc_days,0.00000000,BTC,daily,OBM v0.1.0
2009-02-03,obm_spent_value_ge155d_btc_days,0.00000000,BTC,daily,OBM v0.1.0
2009-02-04,obm_spent_value_ge155d_btc_days,0.00000000,BTC,daily,OBM v0.1.0
2009-02-05,obm_spent_value_ge155d_btc_days,0.00000000,BTC,daily,OBM v0.1.0
2009-02-06,obm_spent_value_ge155d_btc_days,0.00000000,BTC,daily,OBM v0.1.0
2009-02-07,obm_spent_value_ge155d_btc_days,0.00000000,BTC,daily,OBM v0.1.0
2009-02-08,obm_spent_value_ge155d_btc_days,0.00000000,BTC,daily,OBM v0.1.0
2009-02-09,obm_spent_value_ge155d_btc_days,0.00000000,BTC,daily,OBM v0.1.0
2009-02-10,obm_spent_value_ge155d_btc_days,0.00000000,BTC,daily,OBM v0.1.0
2009-02-11,obm_spent_value_ge155d_btc_days,0.00000000,BTC,daily,OBM v0.1.0
2009-02-12,obm_spent_value_ge155d_btc_days,0.00000000,BTC,daily,OBM v0.1.0
2009-02-13,obm_spent_value_ge155d_btc_days,0.00000000,BTC,daily,OBM v0.1.0
2009-02-14,obm_spent_value_ge155d_btc_days,0.00000000,BTC,daily,OBM v0.1.0
2009-02-15,obm_spent_value_ge155d_btc_days,0.00000000,BTC,daily,OBM v0.1.0
2009-02-16,obm_spent_value_ge155d_btc_days,0.00000000,BTC,daily,OBM v0.1.0
2009-02-17,obm_spent_value_ge155d_btc_days,0.00000000,BTC,daily,OBM v0.1.0
2009-02-18,obm_spent_value_ge155d_btc_days,0.00000000,BTC,daily,OBM v0.1.0
2009-02-19,obm_spent_value_ge155d_btc_days,0.00000000,BTC,daily,OBM v0.1.0
2009-02-20,obm_spent_value_ge155d_btc_days,0.00000000,BTC,daily,OBM v0.1.0
2009-02-21,obm_spent_value_ge155d_btc_days,0.00000000,BTC,daily,OBM v0.1.0
2009-02-22,obm_spent_value_ge155d_btc_days,0.00000000,BTC,daily,OBM v0.1.0
2009-02-23,obm_spent_value_ge155d_btc_days,0.00000000,BTC,daily,OBM v0.1.0
2009-02-24,obm_spent_value_ge155d_btc_days,0.00000000,BTC,daily,OBM v0.1.0
2009-02-25,obm_spent_value_ge155d_btc_days,0.00000000,BTC,daily,OBM v0.1.0
2009-02-26,obm_spent_value_ge155d_btc_days,0.00000000,BTC,daily,OBM v0.1.0
2009-02-27,obm_spent_value_ge155d_btc_days,0.00000000,BTC,daily,OBM v0.1.0
2009-02-28,obm_spent_value_ge155d_btc_days,0.00000000,BTC,daily,OBM v0.1.0
2009-03-01,obm_spent_value_ge155d_btc_days,0.00000000,BTC,daily,OBM v0.1.0
2009-03-02,obm_spent_value_ge155d_btc_days,0.00000000,BTC,daily,OBM v0.1.0
2009-03-03,obm_spent_value_ge155d_btc_days,0.00000000,BTC,daily,OBM v0.1.0
2009-03-04,obm_spent_value_ge155d_btc_days,0.00000000,BTC,daily,OBM v0.1.0
2009-03-05,obm_spent_value_ge155d_btc_days,0.00000000,BTC,daily,OBM v0.1.0
2009-03-06,obm_spent_value_ge155d_btc_days,0.00000000,BTC,daily,OBM v0.1.0
2009-03-07,obm_spent_value_ge155d_btc_days,0.00000000,BTC,daily,OBM v0.1.0
2009-03-08,obm_spent_value_ge155d_btc_days,0.00000000,BTC,daily,OBM v0.1.0
2009-03-09,obm_spent_value_ge155d_btc_days,0.00000000,BTC,daily,OBM v0.1.0
2009-03-10,obm_spent_value_ge155d_btc_days,0.00000000,BTC,daily,OBM v0.1.0
2009-03-11,obm_spent_value_ge155d_btc_days,0.00000000,BTC,daily,OBM v0.1.0
2009-03-12,obm_spent_value_ge155d_btc_days,0.00000000,BTC,daily,OBM v0.1.0
2009-03-13,obm_spent_value_ge155d_btc_days,0.00000000,BTC,daily,OBM v0.1.0
2009-03-14,obm_spent_value_ge155d_btc_days,0.00000000,BTC,daily,OBM v0.1.0
2009-03-15,obm_spent_value_ge155d_btc_days,0.00000000,BTC,daily,OBM v0.1.0
2009-03-16,obm_spent_value_ge155d_btc_days,0.00000000,BTC,daily,OBM v0.1.0
2009-03-17,obm_spent_value_ge155d_btc_days,0.00000000,BTC,daily,OBM v0.1.0
2009-03-18,obm_spent_value_ge155d_btc_days,0.00000000,BTC,daily,OBM v0.1.0
2009-03-19,obm_spent_value_ge155d_btc_days,0.00000000,BTC,daily,OBM v0.1.0
2009-03-20,obm_spent_value_ge155d_btc_days,0.00000000,BTC,daily,OBM v0.1.0
2009-03-21,obm_spent_value_ge155d_btc_days,0.00000000,BTC,daily,OBM v0.1.0
2009-03-22,obm_spent_value_ge155d_btc_days,0.00000000,BTC,daily,OBM v0.1.0
2009-03-23,obm_spent_value_ge155d_btc_days,0.00000000,BTC,daily,OBM v0.1.0
2009-03-24,obm_spent_value_ge155d_btc_days,0.00000000,BTC,daily,OBM v0.1.0
2009-03-25,obm_spent_value_ge155d_btc_days,0.00000000,BTC,daily,OBM v0.1.0
2009-03-26,obm_spent_value_ge155d_btc_days,0.00000000,BTC,daily,OBM v0.1.0
2009-03-27,obm_spent_value_ge155d_btc_days,0.00000000,BTC,daily,OBM v0.1.0
2009-03-28,obm_spent_value_ge155d_btc_days,0.00000000,BTC,daily,OBM v0.1.0
2009-03-29,obm_spent_value_ge155d_btc_days,0.00000000,BTC,daily,OBM v0.1.0
2009-03-30,obm_spent_value_ge155d_btc_days,0.00000000,BTC,daily,OBM v0.1.0
2009-03-31,obm_spent_value_ge155d_btc_days,0.00000000,BTC,daily,OBM v0.1.0
2009-04-01,obm_spent_value_ge155d_btc_days,0.00000000,BTC,daily,OBM v0.1.0
2009-04-02,obm_spent_value_ge155d_btc_days,0.00000000,BTC,daily,OBM v0.1.0
2009-04-03,obm_spent_value_ge155d_btc_days,0.00000000,BTC,daily,OBM v0.1.0
2009-04-04,obm_spent_value_ge155d_btc_days,0.00000000,BTC,daily,OBM v0.1.0
2009-04-05,obm_spent_value_ge155d_btc_days,0.00000000,BTC,daily,OBM v0.1.0
2009-04-06,obm_spent_value_ge155d_btc_days,0.00000000,BTC,daily,OBM v0.1.0
2009-04-07,obm_spent_value_ge155d_btc_days,0.00000000,BTC,daily,OBM v0.1.0
2009-04-08,obm_spent_value_ge155d_btc_days,0.00000000,BTC,daily,OBM v0.1.0
2009-04-09,obm_spent_value_ge155d_btc_days,0.00000000,BTC,daily,OBM v0.1.0
2009-04-10,obm_spent_value_ge155d_btc_days,0.00000000,BTC,daily,OBM v0.1.0
2009-04-11,obm_spent_value_ge155d_btc_days,0.00000000,BTC,daily,OBM v0.1.0
2009-04-12,obm_spent_value_ge155d_btc_days,0.00000000,BTC,daily,OBM v0.1.0
2009-04-13,obm_spent_value_ge155d_btc_days,0.00000000,BTC,daily,OBM v0.1.0
2009-04-14,obm_spent_value_ge155d_btc_days,0.00000000,BTC,daily,OBM v0.1.0
2009-04-15,obm_spent_value_ge155d_btc_days,0.00000000,BTC,daily,OBM v0.1.0
2009-04-16,obm_spent_value_ge155d_btc_days,0.00000000,BTC,daily,OBM v0.1.0
2009-04-17,obm_spent_value_ge155d_btc_days,0.00000000,BTC,daily,OBM v0.1.0
2009-04-18,obm_spent_value_ge155d_btc_days,0.00000000,BTC,daily,OBM v0.1.0
2009-04-19,obm_spent_value_ge155d_btc_days,0.00000000,BTC,daily,OBM v0.1.0
2009-04-20,obm_spent_value_ge155d_btc_days,0.00000000,BTC,daily,OBM v0.1.0
2009-04-21,obm_spent_value_ge155d_btc_days,0.00000000,BTC,daily,OBM v0.1.0
2009-04-22,obm_spent_value_ge155d_btc_days,0.00000000,BTC,daily,OBM v0.1.0
2009-04-23,obm_spent_value_ge155d_btc_days,0.00000000,BTC,daily,OBM v0.1.0
2009-04-24,obm_spent_value_ge155d_btc_days,0.00000000,BTC,daily,OBM v0.1.0
2009-04-25,obm_spent_value_ge155d_btc_days,0.00000000,BTC,daily,OBM v0.1.0
2009-04-26,obm_spent_value_ge155d_btc_days,0.00000000,BTC,daily,OBM v0.1.0
2009-04-27,obm_spent_value_ge155d_btc_days,0.00000000,BTC,daily,OBM v0.1.0
2009-04-28,obm_spent_value_ge155d_btc_days,0.00000000,BTC,daily,OBM v0.1.0
2009-04-29,obm_spent_value_ge155d_btc_days,0.00000000,BTC,daily,OBM v0.1.0
2009-04-30,obm_spent_value_ge155d_btc_days,0.00000000,BTC,daily,OBM v0.1.0
2009-05-01,obm_spent_value_ge155d_btc_days,0.00000000,BTC,daily,OBM v0.1.0
2009-05-02,obm_spent_value_ge155d_btc_days,0.00000000,BTC,daily,OBM v0.1.0
2009-05-03,obm_spent_value_ge155d_btc_days,0.00000000,BTC,daily,OBM v0.1.0
2009-05-04,obm_spent_value_ge155d_btc_days,0.00000000,BTC,daily,OBM v0.1.0
2009-05-05,obm_spent_value_ge155d_btc_days,0.00000000,BTC,daily,OBM v0.1.0
2009-05-06,obm_spent_value_ge155d_btc_days,0.00000000,BTC,daily,OBM v0.1.0
2009-05-07,obm_spent_value_ge155d_btc_days,0.00000000,BTC,daily,OBM v0.1.0
2009-05-08,obm_spent_value_ge155d_btc_days,0.00000000,BTC,daily,OBM v0.1.0
2009-05-09,obm_spent_value_ge155d_btc_days,0.00000000,BTC,daily,OBM v0.1.0
2009-05-10,obm_spent_value_ge155d_btc_days,0.00000000,BTC,daily,OBM v0.1.0
2009-05-11,obm_spent_value_ge155d_btc_days,0.00000000,BTC,daily,OBM v0.1.0
2009-05-12,obm_spent_value_ge155d_btc_days,0.00000000,BTC,daily,OBM v0.1.0
2009-05-13,obm_spent_value_ge155d_btc_days,0.00000000,BTC,daily,OBM v0.1.0
2009-05-14,obm_spent_value_ge155d_btc_days,0.00000000,BTC,daily,OBM v0.1.0
2009-05-15,obm_spent_value_ge155d_btc_days,0.00000000,BTC,daily,OBM v0.1.0
2009-05-16,obm_spent_value_ge155d_btc_days,0.00000000,BTC,daily,OBM v0.1.0
2009-05-17,obm_spent_value_ge155d_btc_days,0.00000000,BTC,daily,OBM v0.1.0
2009-05-18,obm_spent_value_ge155d_btc_days,0.00000000,BTC,daily,OBM v0.1.0
2009-05-19,obm_spent_value_ge155d_btc_days,0.00000000,BTC,daily,OBM v0.1.0
2009-05-20,obm_spent_value_ge155d_btc_days,0.00000000,BTC,daily,OBM v0.1.0
2009-05-21,obm_spent_value_ge155d_btc_days,0.00000000,BTC,daily,OBM v0.1.0
2009-05-22,obm_spent_value_ge155d_btc_days,0.00000000,BTC,daily,OBM v0.1.0
2009-05-23,obm_spent_value_ge155d_btc_days,0.00000000,BTC,daily,OBM v0.1.0
2009-05-24,obm_spent_value_ge155d_btc_days,0.00000000,BTC,daily,OBM v0.1.0
2009-05-25,obm_spent_value_ge155d_btc_days,0.00000000,BTC,daily,OBM v0.1.0
2009-05-26,obm_spent_value_ge155d_btc_days,0.00000000,BTC,daily,OBM v0.1.0
2009-05-27,obm_spent_value_ge155d_btc_days,0.00000000,BTC,daily,OBM v0.1.0
2009-05-28,obm_spent_value_ge155d_btc_days,0.00000000,BTC,daily,OBM v0.1.0
2009-05-29,obm_spent_value_ge155d_btc_days,0.00000000,BTC,daily,OBM v0.1.0
2009-05-30,obm_spent_value_ge155d_btc_days,0.00000000,BTC,daily,OBM v0.1.0
2009-05-31,obm_spent_value_ge155d_btc_days,0.00000000,BTC,daily,OBM v0.1.0
2009-06-01,obm_spent_value_ge155d_btc_days,0.00000000,BTC,daily,OBM v0.1.0
2009-06-02,obm_spent_value_ge155d_btc_days,0.00000000,BTC,daily,OBM v0.1.0
2009-06-03,obm_spent_value_ge155d_btc_days,0.00000000,BTC,daily,OBM v0.1.0
2009-06-04,obm_spent_value_ge155d_btc_days,0.00000000,BTC,daily,OBM v0.1.0
2009-06-05,obm_spent_value_ge155d_btc_days,0.00000000,BTC,daily,OBM v0.1.0
2009-06-06,obm_spent_value_ge155d_btc_days,0.00000000,BTC,daily,OBM v0.1.0
2009-06-07,obm_spent_value_ge155d_btc_days,0.00000000,BTC,daily,OBM v0.1.0
2009-06-08,obm_spent_value_ge155d_btc_days,0.00000000,BTC,daily,OBM v0.1.0
2009-06-09,obm_spent_value_ge155d_btc_days,0.00000000,BTC,daily,OBM v0.1.0
2009-06-10,obm_spent_value_ge155d_btc_days,0.00000000,BTC,daily,OBM v0.1.0
2009-06-11,obm_spent_value_ge155d_btc_days,0.00000000,BTC,daily,OBM v0.1.0
2009-06-12,obm_spent_value_ge155d_btc_days,0.00000000,BTC,daily,OBM v0.1.0
2009-06-13,obm_spent_value_ge155d_btc_days,0.00000000,BTC,daily,OBM v0.1.0
2009-06-14,obm_spent_value_ge155d_btc_days,0.00000000,BTC,daily,OBM v0.1.0
2009-06-15,obm_spent_value_ge155d_btc_days,0.00000000,BTC,daily,OBM v0.1.0
2009-06-16,obm_spent_value_ge155d_btc_days,0.00000000,BTC,daily,OBM v0.1.0
2009-06-17,obm_spent_value_ge155d_btc_days,0.00000000,BTC,daily,OBM v0.1.0
2009-06-18,obm_spent_value_ge155d_btc_days,0.00000000,BTC,daily,OBM v0.1.0
2009-06-19,obm_spent_value_ge155d_btc_days,0.00000000,BTC,daily,OBM v0.1.0
2009-06-20,obm_spent_value_ge155d_btc_days,0.00000000,BTC,daily,OBM v0.1.0
2009-06-21,obm_spent_value_ge155d_btc_days,0.00000000,BTC,daily,OBM v0.1.0
2009-06-22,obm_spent_value_ge155d_btc_days,0.00000000,BTC,daily,OBM v0.1.0
2009-06-23,obm_spent_value_ge155d_btc_days,0.00000000,BTC,daily,OBM v0.1.0
2009-06-24,obm_spent_value_ge155d_btc_days,0.00000000,BTC,daily,OBM v0.1.0
2009-06-25,obm_spent_value_ge155d_btc_days,0.00000000,BTC,daily,OBM v0.1.0
2009-06-26,obm_spent_value_ge155d_btc_days,0.00000000,BTC,daily,OBM v0.1.0
2009-06-27,obm_spent_value_ge155d_btc_days,0.00000000,BTC,daily,OBM v0.1.0
2009-06-28,obm_spent_value_ge155d_btc_days,0.00000000,BTC,daily,OBM v0.1.0
2009-06-29,obm_spent_value_ge155d_btc_days,0.00000000,BTC,daily,OBM v0.1.0
2009-06-30,obm_spent_value_ge155d_btc_days,0.00000000,BTC,daily,OBM v0.1.0
2009-07-01,obm_spent_value_ge155d_btc_days,0.00000000,BTC,daily,OBM v0.1.0
2009-07-02,obm_spent_value_ge155d_btc_days,0.00000000,BTC,daily,OBM v0.1.0
2009-07-03,obm_spent_value_ge155d_btc_days,0.00000000,BTC,daily,OBM v0.1.0
2009-07-04,obm_spent_value_ge155d_btc_days,0.00000000,BTC,daily,OBM v0.1.0
2009-07-05,obm_spent_value_ge155d_btc_days,0.00000000,BTC,daily,OBM v0.1.0
2009-07-06,obm_spent_value_ge155d_btc_days,0.00000000,BTC,daily,OBM v0.1.0
2009-07-07,obm_spent_value_ge155d_btc_days,0.00000000,BTC,daily,OBM v0.1.0
2009-07-08,obm_spent_value_ge155d_btc_days,0.00000000,BTC,daily,OBM v0.1.0
2009-07-09,obm_spent_value_ge155d_btc_days,0.00000000,BTC,daily,OBM v0.1.0
2009-07-10,obm_spent_value_ge155d_btc_days,0.00000000,BTC,daily,OBM v0.1.0
2009-07-11,obm_spent_value_ge155d_btc_days,0.00000000,BTC,daily,OBM v0.1.0
2009-07-12,obm_spent_value_ge155d_btc_days,0.00000000,BTC,daily,OBM v0.1.0
2009-07-13,obm_spent_value_ge155d_btc_days,0.00000000,BTC,daily,OBM v0.1.0
2009-07-14,obm_spent_value_ge155d_btc_days,0.00000000,BTC,daily,OBM v0.1.0
2009-07-15,obm_spent_value_ge155d_btc_days,0.00000000,BTC,daily,OBM v0.1.0
2009-07-16,obm_spent_value_ge155d_btc_days,0.00000000,BTC,daily,OBM v0.1.0
2009-07-17,obm_spent_value_ge155d_btc_days,0.00000000,BTC,daily,OBM v0.1.0
2009-07-18,obm_spent_value_ge155d_btc_days,0.00000000,BTC,daily,OBM v0.1.0
2009-07-19,obm_spent_value_ge155d_btc_days,0.00000000,BTC,daily,OBM v0.1.0
2009-07-20,obm_spent_value_ge155d_btc_days,0.00000000,BTC,daily,OBM v0.1.0
2009-07-21,obm_spent_value_ge155d_btc_days,0.00000000,BTC,daily,OBM v0.1.0
2009-07-22,obm_spent_value_ge155d_btc_days,0.00000000,BTC,daily,OBM v0.1.0
2009-07-23,obm_spent_value_ge155d_btc_days,0.00000000,BTC,daily,OBM v0.1.0
2009-07-24,obm_spent_value_ge155d_btc_days,0.00000000,BTC,daily,OBM v0.1.0
2009-07-25,obm_spent_value_ge155d_btc_days,0.00000000,BTC,daily,OBM v0.1.0
2009-07-26,obm_spent_value_ge155d_btc_days,0.00000000,BTC,daily,OBM v0.1.0
2009-07-27,obm_spent_value_ge155d_btc_days,0.00000000,BTC,daily,OBM v0.1.0
2009-07-28,obm_spent_value_ge155d_btc_days,0.00000000,BTC,daily,OBM v0.1.0
2009-07-29,obm_spent_value_ge155d_btc_days,0.00000000,BTC,daily,OBM v0.1.0
2009-07-30,obm_spent_value_ge155d_btc_days,0.00000000,BTC,daily,OBM v0.1.0
2009-07-31,obm_spent_value_ge155d_btc_days,0.00000000,BTC,daily,OBM v0.1.0
2009-08-01,obm_spent_value_ge155d_btc_days,0.00000000,BTC,daily,OBM v0.1.0
2009-08-02,obm_spent_value_ge155d_btc_days,0.00000000,BTC,daily,OBM v0.1.0
2009-08-03,obm_spent_value_ge155d_btc_days,0.00000000,BTC,daily,OBM v0.1.0
2009-08-04,obm_spent_value_ge155d_btc_days,0.00000000,BTC,daily,OBM v0.1.0
2009-08-05,obm_spent_value_ge155d_btc_days,0.00000000,BTC,daily,OBM v0.1.0
2009-08-06,obm_spent_value_ge155d_btc_days,0.00000000,BTC,daily,OBM v0.1.0
2009-08-07,obm_spent_value_ge155d_btc_days,0.00000000,BTC,daily,OBM v0.1.0
2009-08-08,obm_spent_value_ge155d_btc_days,0.00000000,BTC,daily,OBM v0.1.0
2009-08-09,obm_spent_value_ge155d_btc_days,0.00000000,BTC,daily,OBM v0.1.0
2009-08-10,obm_spent_value_ge155d_btc_days,0.00000000,BTC,daily,OBM v0.1.0
2009-08-11,obm_spent_value_ge155d_btc_days,0.00000000,BTC,daily,OBM v0.1.0
2009-08-12,obm_spent_value_ge155d_btc_days,0.00000000,BTC,daily,OBM v0.1.0
2009-08-13,obm_spent_value_ge155d_btc_days,0.00000000,BTC,daily,OBM v0.1.0
2009-08-14,obm_spent_value_ge155d_btc_days,0.00000000,BTC,daily,OBM v0.1.0
2009-08-15,obm_spent_value_ge155d_btc_days,0.00000000,BTC,daily,OBM v0.1.0
2009-08-16,obm_spent_value_ge155d_btc_days,0.00000000,BTC,daily,OBM v0.1.0
2009-08-17,obm_spent_value_ge155d_btc_days,0.00000000,BTC,daily,OBM v0.1.0
2009-08-18,obm_spent_value_ge155d_btc_days,0.00000000,BTC,daily,OBM v0.1.0
2009-08-19,obm_spent_value_ge155d_btc_days,0.00000000,BTC,daily,OBM v0.1.0
2009-08-20,obm_spent_value_ge155d_btc_days,0.00000000,BTC,daily,OBM v0.1.0
2009-08-21,obm_spent_value_ge155d_btc_days,0.00000000,BTC,daily,OBM v0.1.0
2009-08-22,obm_spent_value_ge155d_btc_days,0.00000000,BTC,daily,OBM v0.1.0
2009-08-23,obm_spent_value_ge155d_btc_days,0.00000000,BTC,daily,OBM v0.1.0
2009-08-24,obm_spent_value_ge155d_btc_days,0.00000000,BTC,daily,OBM v0.1.0
2009-08-25,obm_spent_value_ge155d_btc_days,0.00000000,BTC,daily,OBM v0.1.0
2009-08-26,obm_spent_value_ge155d_btc_days,0.00000000,BTC,daily,OBM v0.1.0
2009-08-27,obm_spent_value_ge155d_btc_days,0.00000000,BTC,daily,OBM v0.1.0
2009-08-28,obm_spent_value_ge155d_btc_days,0.00000000,BTC,daily,OBM v0.1.0
2009-08-29,obm_spent_value_ge155d_btc_days,0.00000000,BTC,daily,OBM v0.1.0
2009-08-30,obm_spent_value_ge155d_btc_days,0.00000000,BTC,daily,OBM v0.1.0
2009-08-31,obm_spent_value_ge155d_btc_days,0.00000000,BTC,daily,OBM v0.1.0
2009-09-01,obm_spent_value_ge155d_btc_days,0.00000000,BTC,daily,OBM v0.1.0
2009-09-02,obm_spent_value_ge155d_btc_days,0.00000000,BTC,daily,OBM v0.1.0
2009-09-03,obm_spent_value_ge155d_btc_days,0.00000000,BTC,daily,OBM v0.1.0
2009-09-04,obm_spent_value_ge155d_btc_days,0.00000000,BTC,daily,OBM v0.1.0
2009-09-05,obm_spent_value_ge155d_btc_days,0.00000000,BTC,daily,OBM v0.1.0
2009-09-06,obm_spent_value_ge155d_btc_days,0.00000000,BTC,daily,OBM v0.1.0
2009-09-07,obm_spent_value_ge155d_btc_days,0.00000000,BTC,daily,OBM v0.1.0
2009-09-08,obm_spent_value_ge155d_btc_days,0.00000000,BTC,daily,OBM v0.1.0
2009-09-09,obm_spent_value_ge155d_btc_days,0.00000000,BTC,daily,OBM v0.1.0
2009-09-10,obm_spent_value_ge155d_btc_days,0.00000000,BTC,daily,OBM v0.1.0
2009-09-11,obm_spent_value_ge155d_btc_days,0.00000000,BTC,daily,OBM v0.1.0
2009-09-12,obm_spent_value_ge155d_btc_days,0.00000000,BTC,daily,OBM v0.1.0
2009-09-13,obm_spent_value_ge155d_btc_days,0.00000000,BTC,daily,OBM v0.1.0
2009-09-14,obm_spent_value_ge155d_btc_days,0.00000000,BTC,daily,OBM v0.1.0
2009-09-15,obm_spent_value_ge155d_btc_days,0.00000000,BTC,daily,OBM v0.1.0
2009-09-16,obm_spent_value_ge155d_btc_days,0.00000000,BTC,daily,OBM v0.1.0
2009-09-17,obm_spent_value_ge155d_btc_days,0.00000000,BTC,daily,OBM v0.1.0
2009-09-18,obm_spent_value_ge155d_btc_days,0.00000000,BTC,daily,OBM v0.1.0
2009-09-19,obm_spent_value_ge155d_btc_days,0.00000000,BTC,daily,OBM v0.1.0
2009-09-20,obm_spent_value_ge155d_btc_days,0.00000000,BTC,daily,OBM v0.1.0
2009-09-21,obm_spent_value_ge155d_btc_days,0.00000000,BTC,daily,OBM v0.1.0
2009-09-22,obm_spent_value_ge155d_btc_days,0.00000000,BTC,daily,OBM v0.1.0
2009-09-23,obm_spent_value_ge155d_btc_days,0.00000000,BTC,daily,OBM v0.1.0
2009-09-24,obm_spent_value_ge155d_btc_days,0.00000000,BTC,daily,OBM v0.1.0
2009-09-25,obm_spent_value_ge155d_btc_days,0.00000000,BTC,daily,OBM v0.1.0
2009-09-26,obm_spent_value_ge155d_btc_days,0.00000000,BTC,daily,OBM v0.1.0
2009-09-27,obm_spent_value_ge155d_btc_days,0.00000000,BTC,daily,OBM v0.1.0
2009-09-28,obm_spent_value_ge155d_btc_days,0.00000000,BTC,daily,OBM v0.1.0
2009-09-29,obm_spent_value_ge155d_btc_days,0.00000000,BTC,daily,OBM v0.1.0
2009-09-30,obm_spent_value_ge155d_btc_days,0.00000000,BTC,daily,OBM v0.1.0
2009-10-01,obm_spent_value_ge155d_btc_days,0.00000000,BTC,daily,OBM v0.1.0
2009-10-02,obm_spent_value_ge155d_btc_days,0.00000000,BTC,daily,OBM v0.1.0
2009-10-03,obm_spent_value_ge155d_btc_days,0.00000000,BTC,daily,OBM v0.1.0
2009-10-04,obm_spent_value_ge155d_btc_days,0.00000000,BTC,daily,OBM v0.1.0
2009-10-05,obm_spent_value_ge155d_btc_days,0.00000000,BTC,daily,OBM v0.1.0
2009-10-06,obm_spent_value_ge155d_btc_days,0.00000000,BTC,daily,OBM v0.1.0
2009-10-07,obm_spent_value_ge155d_btc_days,0.00000000,BTC,daily,OBM v0.1.0
2009-10-08,obm_spent_value_ge155d_btc_days,0.00000000,BTC,daily,OBM v0.1.0
2009-10-09,obm_spent_value_ge155d_btc_days,0.00000000,BTC,daily,OBM v0.1.0
2009-10-10,obm_spent_value_ge155d_btc_days,0.00000000,BTC,daily,OBM v0.1.0
2009-10-11,obm_spent_value_ge155d_btc_days,0.00000000,BTC,daily,OBM v0.1.0
2009-10-12,obm_spent_value_ge155d_btc_days,450.00000000,BTC,daily,OBM v0.1.0
2009-10-13,obm_spent_value_ge155d_btc_days,0.00000000,BTC,daily,OBM v0.1.0
2009-10-14,obm_spent_value_ge155d_btc_days,0.00000000,BTC,daily,OBM v0.1.0
2009-10-15,obm_spent_value_ge155d_btc_days,0.00000000,BTC,daily,OBM v0.1.0
2009-10-16,obm_spent_value_ge155d_btc_days,0.00000000,BTC,daily,OBM v0.1.0
2009-10-17,obm_spent_value_ge155d_btc_days,0.00000000,BTC,daily,OBM v0.1.0
2009-10-18,obm_spent_value_ge155d_btc_days,0.00000000,BTC,daily,OBM v0.1.0
2009-10-19,obm_spent_value_ge155d_btc_days,0.00000000,BTC,daily,OBM v0.1.0
2009-10-20,obm_spent_value_ge155d_btc_days,0.00000000,BTC,daily,OBM v0.1.0
2009-10-21,obm_spent_value_ge155d_btc_days,0.00000000,BTC,daily,OBM v0.1.0
2009-10-22,obm_spent_value_ge155d_btc_days,0.00000000,BTC,daily,OBM v0.1.0
2009-10-23,obm_spent_value_ge155d_btc_days,0.00000000,BTC,daily,OBM v0.1.0
2009-10-24,obm_spent_value_ge155d_btc_days,0.00000000,BTC,daily,OBM v0.1.0
2009-10-25,obm_spent_value_ge155d_btc_days,0.00000000,BTC,daily,OBM v0.1.0
2009-10-26,obm_spent_value_ge155d_btc_days,0.00000000,BTC,daily,OBM v0.1.0
2009-10-27,obm_spent_value_ge155d_btc_days,0.00000000,BTC,daily,OBM v0.1.0
2009-10-28,obm_spent_value_ge155d_btc_days,0.00000000,BTC,daily,OBM v0.1.0
2009-10-29,obm_spent_value_ge155d_btc_days,0.00000000,BTC,daily,OBM v0.1.0
2009-10-30,obm_spent_value_ge155d_btc_days,0.00000000,BTC,daily,OBM v0.1.0
2009-10-31,obm_spent_value_ge155d_btc_days,0.00000000,BTC,daily,OBM v0.1.0
2009-11-01,obm_spent_value_ge155d_btc_days,0.00000000,BTC,daily,OBM v0.1.0
2009-11-02,obm_spent_value_ge155d_btc_days,0.00000000,BTC,daily,OBM v0.1.0
2009-11-03,obm_spent_value_ge155d_btc_days,0.00000000,BTC,daily,OBM v0.1.0
2009-11-04,obm_spent_value_ge155d_btc_days,0.00000000,BTC,daily,OBM v0.1.0
2009-11-05,obm_spent_value_ge155d_btc_days,0.00000000,BTC,daily,OBM v0.1.0
2009-11-06,obm_spent_value_ge155d_btc_days,0.00000000,BTC,daily,OBM v0.1.0
2009-11-07,obm_spent_value_ge155d_btc_days,0.00000000,BTC,daily,OBM v0.1.0
2009-11-08,obm_spent_value_ge155d_btc_days,0.00000000,BTC,daily,OBM v0.1.0
2009-11-09,obm_spent_value_ge155d_btc_days,0.00000000,BTC,daily,OBM v0.1.0
2009-11-10,obm_spent_value_ge155d_btc_days,0.00000000,BTC,daily,OBM v0.1.0
2009-11-11,obm_spent_value_ge155d_btc_days,0.00000000,BTC,daily,OBM v0.1.0
2009-11-12,obm_spent_value_ge155d_btc_days,0.00000000,BTC,daily,OBM v0.1.0
2009-11-13,obm_spent_value_ge155d_btc_days,0.00000000,BTC,daily,OBM v0.1.0
2009-11-14,obm_spent_value_ge155d_btc_days,0.00000000,BTC,daily,OBM v0.1.0
2009-11-15,obm_spent_value_ge155d_btc_days,0.00000000,BTC,daily,OBM v0.1.0
2009-11-16,obm_spent_value_ge155d_btc_days,0.00000000,BTC,daily,OBM v0.1.0
2009-11-17,obm_spent_value_ge155d_btc_days,0.00000000,BTC,daily,OBM v0.1.0
2009-11-18,obm_spent_value_ge155d_btc_days,0.00000000,BTC,daily,OBM v0.1.0
2009-11-19,obm_spent_value_ge155d_btc_days,0.00000000,BTC,daily,OBM v0.1.0
2009-11-20,obm_spent_value_ge155d_btc_days,0.00000000,BTC,daily,OBM v0.1.0
2009-11-21,obm_spent_value_ge155d_btc_days,0.00000000,BTC,daily,OBM v0.1.0
2009-11-22,obm_spent_value_ge155d_btc_days,0.00000000,BTC,daily,OBM v0.1.0
2009-11-23,obm_spent_value_ge155d_btc_days,0.00000000,BTC,daily,OBM v0.1.0
2009-11-24,obm_spent_value_ge155d_btc_days,0.00000000,BTC,daily,OBM v0.1.0
2009-11-25,obm_spent_value_ge155d_btc_days,0.00000000,BTC,daily,OBM v0.1.0
2009-11-26,obm_spent_value_ge155d_btc_days,0.00000000,BTC,daily,OBM v0.1.0
2009-11-27,obm_spent_value_ge155d_btc_days,0.00000000,BTC,daily,OBM v0.1.0
2009-11-28,obm_spent_value_ge155d_btc_days,0.00000000,BTC,daily,OBM v0.1.0
2009-11-29,obm_spent_value_ge155d_btc_days,0.00000000,BTC,daily,OBM v0.1.0
2009-11-30,obm_spent_value_ge155d_btc_days,0.00000000,BTC,daily,OBM v0.1.0
2009-12-01,obm_spent_value_ge155d_btc_days,2700.00000000,BTC,daily,OBM v0.1.0
2009-12-02,obm_spent_value_ge155d_btc_days,0.00000000,BTC,daily,OBM v0.1.0
2009-12-03,obm_spent_value_ge155d_btc_days,0.00000000,BTC,daily,OBM v0.1.0
2009-12-04,obm_spent_value_ge155d_btc_days,0.00000000,BTC,daily,OBM v0.1.0
2009-12-05,obm_spent_value_ge155d_btc_days,0.00000000,BTC,daily,OBM v0.1.0
2009-12-06,obm_spent_value_ge155d_btc_days,0.00000000,BTC,daily,OBM v0.1.0
2009-12-07,obm_spent_value_ge155d_btc_days,0.00000000,BTC,daily,OBM v0.1.0
2009-12-08,obm_spent_value_ge155d_btc_days,0.00000000,BTC,daily,OBM v0.1.0
2009-12-09,obm_spent_value_ge155d_btc_days,0.00000000,BTC,daily,OBM v0.1.0
2009-12-10,obm_spent_value_ge155d_btc_days,0.00000000,BTC,daily,OBM v0.1.0
2009-12-11,obm_spent_value_ge155d_btc_days,0.00000000,BTC,daily,OBM v0.1.0
2009-12-12,obm_spent_value_ge155d_btc_days,0.00000000,BTC,daily,OBM v0.1.0
2009-12-13,obm_spent_value_ge155d_btc_days,0.00000000,BTC,daily,OBM v0.1.0
2009-12-14,obm_spent_value_ge155d_btc_days,0.00000000,BTC,daily,OBM v0.1.0
2009-12-15,obm_spent_value_ge155d_btc_days,0.00000000,BTC,daily,OBM v0.1.0
2009-12-16,obm_spent_value_ge155d_btc_days,0.00000000,BTC,daily,OBM v0.1.0
2009-12-17,obm_spent_value_ge155d_btc_days,200.00000000,BTC,daily,OBM v0.1.0
2009-12-18,obm_spent_value_ge155d_btc_days,0.00000000,BTC,daily,OBM v0.1.0
2009-12-19,obm_spent_value_ge155d_btc_days,0.00000000,BTC,daily,OBM v0.1.0
2009-12-20,obm_spent_value_ge155d_btc_days,0.00000000,BTC,daily,OBM v0.1.0
2009-12-21,obm_spent_value_ge155d_btc_days,0.00000000,BTC,daily,OBM v0.1.0
2009-12-22,obm_spent_value_ge155d_btc_days,0.00000000,BTC,daily,OBM v0.1.0
2009-12-23,obm_spent_value_ge155d_btc_days,0.00000000,BTC,daily,OBM v0.1.0
2009-12-24,obm_spent_value_ge155d_btc_days,0.00000000,BTC,daily,OBM v0.1.0
2009-12-25,obm_spent_value_ge155d_btc_days,0.00000000,BTC,daily,OBM v0.1.0
2009-12-26,obm_spent_value_ge155d_btc_days,0.00000000,BTC,daily,OBM v0.1.0
2009-12-27,obm_spent_value_ge155d_btc_days,0.00000000,BTC,daily,OBM v0.1.0
2009-12-28,obm_spent_value_ge155d_btc_days,0.00000000,BTC,daily,OBM v0.1.0
2009-12-29,obm_spent_value_ge155d_btc_days,0.00000000,BTC,daily,OBM v0.1.0
2009-12-30,obm_spent_value_ge155d_btc_days,0.00000000,BTC,daily,OBM v0.1.0
2009-12-31,obm_spent_value_ge155d_btc_days,0.00000000,BTC,daily,OBM v0.1.0
2010-01-01,obm_spent_value_ge155d_btc_days,0.00000000,BTC,daily,OBM v0.1.0
2010-01-02,obm_spent_value_ge155d_btc_days,0.00000000,BTC,daily,OBM v0.1.0
2010-01-03,obm_spent_value_ge155d_btc_days,0.00000000,BTC,daily,OBM v0.1.0
2010-01-04,obm_spent_value_ge155d_btc_days,0.00000000,BTC,daily,OBM v0.1.0
2010-01-05,obm_spent_value_ge155d_btc_days,0.00000000,BTC,daily,OBM v0.1.0
2010-01-06,obm_spent_value_ge155d_btc_days,0.00000000,BTC,daily,OBM v0.1.0
2010-01-07,obm_spent_value_ge155d_btc_days,0.00000000,BTC,daily,OBM v0.1.0
2010-01-08,obm_spent_value_ge155d_btc_days,0.00000000,BTC,daily,OBM v0.1.0
2010-01-09,obm_spent_value_ge155d_btc_days,0.00000000,BTC,daily,OBM v0.1.0
2010-01-10,obm_spent_value_ge155d_btc_days,0.00000000,BTC,daily,OBM v0.1.0
2010-01-11,obm_spent_value_ge155d_btc_days,0.00000000,BTC,daily,OBM v0.1.0
2010-01-12,obm_spent_value_ge155d_btc_days,0.00000000,BTC,daily,OBM v0.1.0
2010-01-13,obm_spent_value_ge155d_btc_days,0.00000000,BTC,daily,OBM v0.1.0
2010-01-14,obm_spent_value_ge155d_btc_days,0.00000000,BTC,daily,OBM v0.1.0
2010-01-15,obm_spent_value_ge155d_btc_days,0.00000000,BTC,daily,OBM v0.1.0
2010-01-16,obm_spent_value_ge155d_btc_days,0.00000000,BTC,daily,OBM v0.1.0
2010-01-17,obm_spent_value_ge155d_btc_days,0.00000000,BTC,daily,OBM v0.1.0
2010-01-18,obm_spent_value_ge155d_btc_days,0.00000000,BTC,daily,OBM v0.1.0
2010-01-19,obm_spent_value_ge155d_btc_days,0.00000000,BTC,daily,OBM v0.1.0
2010-01-20,obm_spent_value_ge155d_btc_days,0.00000000,BTC,daily,OBM v0.1.0
2010-01-21,obm_spent_value_ge155d_btc_days,0.00000000,BTC,daily,OBM v0.1.0
2010-01-22,obm_spent_value_ge155d_btc_days,0.00000000,BTC,daily,OBM v0.1.0
2010-01-23,obm_spent_value_ge155d_btc_days,0.00000000,BTC,daily,OBM v0.1.0
2010-01-24,obm_spent_value_ge155d_btc_days,0.00000000,BTC,daily,OBM v0.1.0
2010-01-25,obm_spent_value_ge155d_btc_days,0.00000000,BTC,daily,OBM v0.1.0
2010-01-26,obm_spent_value_ge155d_btc_days,0.00000000,BTC,daily,OBM v0.1.0
2010-01-27,obm_spent_value_ge155d_btc_days,0.00000000,BTC,daily,OBM v0.1.0
2010-01-28,obm_spent_value_ge155d_btc_days,0.00000000,BTC,daily,OBM v0.1.0
2010-01-29,obm_spent_value_ge155d_btc_days,0.00000000,BTC,daily,OBM v0.1.0
2010-01-30,obm_spent_value_ge155d_btc_days,0.00000000,BTC,daily,OBM v0.1.0
2010-01-31,obm_spent_value_ge155d_btc_days,0.00000000,BTC,daily,OBM v0.1.0
2010-02-01,obm_spent_value_ge155d_btc_days,0.00000000,BTC,daily,OBM v0.1.0
2010-02-02,obm_spent_value_ge155d_btc_days,0.00000000,BTC,daily,OBM v0.1.0
2010-02-03,obm_spent_value_ge155d_btc_days,0.00000000,BTC,daily,OBM v0.1.0
2010-02-04,obm_spent_value_ge155d_btc_days,0.00000000,BTC,daily,OBM v0.1.0
2010-02-05,obm_spent_value_ge155d_btc_days,0.00000000,BTC,daily,OBM v0.1.0
2010-02-06,obm_spent_value_ge155d_btc_days,0.00000000,BTC,daily,OBM v0.1.0
2010-02-07,obm_spent_value_ge155d_btc_days,0.00000000,BTC,daily,OBM v0.1.0
2010-02-08,obm_spent_value_ge155d_btc_days,0.00000000,BTC,daily,OBM v0.1.0
2010-02-09,obm_spent_value_ge155d_btc_days,0.00000000,BTC,daily,OBM v0.1.0
2010-02-10,obm_spent_value_ge155d_btc_days,0.00000000,BTC,daily,OBM v0.1.0
2010-02-11,obm_spent_value_ge155d_btc_days,0.00000000,BTC,daily,OBM v0.1.0
2010-02-12,obm_spent_value_ge155d_btc_days,0.00000000,BTC,daily,OBM v0.1.0
2010-02-13,obm_spent_value_ge155d_btc_days,0.00000000,BTC,daily,OBM v0.1.0
2010-02-14,obm_spent_value_ge155d_btc_days,0.00000000,BTC,daily,OBM v0.1.0
2010-02-15,obm_spent_value_ge155d_btc_days,0.00000000,BTC,daily,OBM v0.1.0
2010-02-16,obm_spent_value_ge155d_btc_days,0.00000000,BTC,daily,OBM v0.1.0
2010-02-17,obm_spent_value_ge155d_btc_days,0.00000000,BTC,daily,OBM v0.1.0
2010-02-18,obm_spent_value_ge155d_btc_days,0.00000000,BTC,daily,OBM v0.1.0
2010-02-19,obm_spent_value_ge155d_btc_days,0.00000000,BTC,daily,OBM v0.1.0
2010-02-20,obm_spent_value_ge155d_btc_days,0.00000000,BTC,daily,OBM v0.1.0
2010-02-21,obm_spent_value_ge155d_btc_days,0.00000000,BTC,daily,OBM v0.1.0
2010-02-22,obm_spent_value_ge155d_btc_days,0.00000000,BTC,daily,OBM v0.1.0
2010-02-23,obm_spent_value_ge155d_btc_days,0.00000000,BTC,daily,OBM v0.1.0
2010-02-24,obm_spent_value_ge155d_btc_days,0.00000000,BTC,daily,OBM v0.1.0
2010-02-25,obm_spent_value_ge155d_btc_days,0.00000000,BTC,daily,OBM v0.1.0
2010-02-26,obm_spent_value_ge155d_btc_days,0.00000000,BTC,daily,OBM v0.1.0
2010-02-27,obm_spent_value_ge155d_btc_days,0.00000000,BTC,daily,OBM v0.1.0
2010-02-28,obm_spent_value_ge155d_btc_days,0.00000000,BTC,daily,OBM v0.1.0
2010-03-01,obm_spent_value_ge155d_btc_days,0.00000000,BTC,daily,OBM v0.1.0
2010-03-02,obm_spent_value_ge155d_btc_days,0.00000000,BTC,daily,OBM v0.1.0
2010-03-03,obm_spent_value_ge155d_btc_days,0.00000000,BTC,daily,OBM v0.1.0
2010-03-04,obm_spent_value_ge155d_btc_days,600.00000000,BTC,daily,OBM v0.1.0
2010-03-05,obm_spent_value_ge155d_btc_days,0.00000000,BTC,daily,OBM v0.1.0
2010-03-06,obm_spent_value_ge155d_btc_days,0.00000000,BTC,daily,OBM v0.1.0
2010-03-07,obm_spent_value_ge155d_btc_days,0.00000000,BTC,daily,OBM v0.1.0
2010-03-08,obm_spent_value_ge155d_btc_days,0.00000000,BTC,daily,OBM v0.1.0
2010-03-09,obm_spent_value_ge155d_btc_days,0.00000000,BTC,daily,OBM v0.1.0
2010-03-10,obm_spent_value_ge155d_btc_days,0.00000000,BTC,daily,OBM v0.1.0
2010-03-11,obm_spent_value_ge155d_btc_days,0.00000000,BTC,daily,OBM v0.1.0
2010-03-12,obm_spent_value_ge155d_btc_days,0.00000000,BTC,daily,OBM v0.1.0
2010-03-13,obm_spent_value_ge155d_btc_days,0.00000000,BTC,daily,OBM v0.1.0
2010-03-14,obm_spent_value_ge155d_btc_days,0.00000000,BTC,daily,OBM v0.1.0
2010-03-15,obm_spent_value_ge155d_btc_days,0.00000000,BTC,daily,OBM v0.1.0
2010-03-16,obm_spent_value_ge155d_btc_days,150.00000000,BTC,daily,OBM v0.1.0
2010-03-17,obm_spent_value_ge155d_btc_days,0.00000000,BTC,daily,OBM v0.1.0
2010-03-18,obm_spent_value_ge155d_btc_days,0.00000000,BTC,daily,OBM v0.1.0
2010-03-19,obm_spent_value_ge155d_btc_days,0.00000000,BTC,daily,OBM v0.1.0
2010-03-20,obm_spent_value_ge155d_btc_days,0.00000000,BTC,daily,OBM v0.1.0
2010-03-21,obm_spent_value_ge155d_btc_days,0.00000000,BTC,daily,OBM v0.1.0
2010-03-22,obm_spent_value_ge155d_btc_days,0.00000000,BTC,daily,OBM v0.1.0
2010-03-23,obm_spent_value_ge155d_btc_days,0.00000000,BTC,daily,OBM v0.1.0
2010-03-24,obm_spent_value_ge155d_btc_days,0.00000000,BTC,daily,OBM v0.1.0
2010-03-25,obm_spent_value_ge155d_btc_days,100.00000000,BTC,daily,OBM v0.1.0
2010-03-26,obm_spent_value_ge155d_btc_days,0.00000000,BTC,daily,OBM v0.1.0
2010-03-27,obm_spent_value_ge155d_btc_days,0.00000000,BTC,daily,OBM v0.1.0
2010-03-28,obm_spent_value_ge155d_btc_days,100.00000000,BTC,daily,OBM v0.1.0
2010-03-29,obm_spent_value_ge155d_btc_days,0.00000000,BTC,daily,OBM v0.1.0
2010-03-30,obm_spent_value_ge155d_btc_days,0.00000000,BTC,daily,OBM v0.1.0
2010-03-31,obm_spent_value_ge155d_btc_days,0.00000000,BTC,daily,OBM v0.1.0
2010-04-01,obm_spent_value_ge155d_btc_days,0.00000000,BTC,daily,OBM v0.1.0
2010-04-02,obm_spent_value_ge155d_btc_days,0.00000000,BTC,daily,OBM v0.1.0
2010-04-03,obm_spent_value_ge155d_btc_days,0.00000000,BTC,daily,OBM v0.1.0
2010-04-04,obm_spent_value_ge155d_btc_days,100.00000000,BTC,daily,OBM v0.1.0
2010-04-05,obm_spent_value_ge155d_btc_days,0.00000000,BTC,daily,OBM v0.1.0
2010-04-06,obm_spent_value_ge155d_btc_days,100.00000000,BTC,daily,OBM v0.1.0
2010-04-07,obm_spent_value_ge155d_btc_days,0.00000000,BTC,daily,OBM v0.1.0
2010-04-08,obm_spent_value_ge155d_btc_days,0.00000000,BTC,daily,OBM v0.1.0
2010-04-09,obm_spent_value_ge155d_btc_days,0.00000000,BTC,daily,OBM v0.1.0
2010-04-10,obm_spent_value_ge155d_btc_days,0.00000000,BTC,daily,OBM v0.1.0
2010-04-11,obm_spent_value_ge155d_btc_days,0.00000000,BTC,daily,OBM v0.1.0
2010-04-12,obm_spent_value_ge155d_btc_days,0.00000000,BTC,daily,OBM v0.1.0
2010-04-13,obm_spent_value_ge155d_btc_days,0.00000000,BTC,daily,OBM v0.1.0
2010-04-14,obm_spent_value_ge155d_btc_days,0.00000000,BTC,daily,OBM v0.1.0
2010-04-15,obm_spent_value_ge155d_btc_days,27050.00000000,BTC,daily,OBM v0.1.0
2010-04-16,obm_spent_value_ge155d_btc_days,0.00000000,BTC,daily,OBM v0.1.0
2010-04-17,obm_spent_value_ge155d_btc_days,0.00000000,BTC,daily,OBM v0.1.0
2010-04-18,obm_spent_value_ge155d_btc_days,50.00000000,BTC,daily,OBM v0.1.0
2010-04-19,obm_spent_value_ge155d_btc_days,0.00000000,BTC,daily,OBM v0.1.0
2010-04-20,obm_spent_value_ge155d_btc_days,600.00000000,BTC,daily,OBM v0.1.0
2010-04-21,obm_spent_value_ge155d_btc_days,0.00000000,BTC,daily,OBM v0.1.0
2010-04-22,obm_spent_value_ge155d_btc_days,0.00000000,BTC,daily,OBM v0.1.0
2010-04-23,obm_spent_value_ge155d_btc_days,0.00000000,BTC,daily,OBM v0.1.0
2010-04-24,obm_spent_value_ge155d_btc_days,150.00000000,BTC,daily,OBM v0.1.0
2010-04-25,obm_spent_value_ge155d_btc_days,550.00000000,BTC,daily,OBM v0.1.0
2010-04-26,obm_spent_value_ge155d_btc_days,0.00000000,BTC,daily,OBM v0.1.0
2010-04-27,obm_spent_value_ge155d_btc_days,0.00000000,BTC,daily,OBM v0.1.0
2010-04-28,obm_spent_value_ge155d_btc_days,0.00000000,BTC,daily,OBM v0.1.0
2010-04-29,obm_spent_value_ge155d_btc_days,0.00000000,BTC,daily,OBM v0.1.0
2010-04-30,obm_spent_value_ge155d_btc_days,0.00000000,BTC,daily,OBM v0.1.0
2010-05-01,obm_spent_value_ge155d_btc_days,0.00000000,BTC,daily,OBM v0.1.0
2010-05-02,obm_spent_value_ge155d_btc_days,0.00000000,BTC,daily,OBM v0.1.0
2010-05-03,obm_spent_value_ge155d_btc_days,0.00000000,BTC,daily,OBM v0.1.0
2010-05-04,obm_spent_value_ge155d_btc_days,0.00000000,BTC,daily,OBM v0.1.0
2010-05-05,obm_spent_value_ge155d_btc_days,0.00000000,BTC,daily,OBM v0.1.0
2010-05-06,obm_spent_value_ge155d_btc_days,0.00000000,BTC,daily,OBM v0.1.0
2010-05-07,obm_spent_value_ge155d_btc_days,0.00000000,BTC,daily,OBM v0.1.0
2010-05-08,obm_spent_value_ge155d_btc_days,0.00000000,BTC,daily,OBM v0.1.0
2010-05-09,obm_spent_value_ge155d_btc_days,0.00000000,BTC,daily,OBM v0.1.0
2010-05-10,obm_spent_value_ge155d_btc_days,0.00000000,BTC,daily,OBM v0.1.0
2010-05-11,obm_spent_value_ge155d_btc_days,0.00000000,BTC,daily,OBM v0.1.0
2010-05-12,obm_spent_value_ge155d_btc_days,600.00000000,BTC,daily,OBM v0.1.0
2010-05-13,obm_spent_value_ge155d_btc_days,0.00000000,BTC,daily,OBM v0.1.0
2010-05-14,obm_spent_value_ge155d_btc_days,250.00000000,BTC,daily,OBM v0.1.0
2010-05-15,obm_spent_value_ge155d_btc_days,0.00000000,BTC,daily,OBM v0.1.0
2010-05-16,obm_spent_value_ge155d_btc_days,0.00000000,BTC,daily,OBM v0.1.0
2010-05-17,obm_spent_value_ge155d_btc_days,600.00000000,BTC,daily,OBM v0.1.0
2010-05-18,obm_spent_value_ge155d_btc_days,0.00000000,BTC,daily,OBM v0.1.0
2010-05-19,obm_spent_value_ge155d_btc_days,0.00000000,BTC,daily,OBM v0.1.0
2010-05-20,obm_spent_value_ge155d_btc_days,0.00000000,BTC,daily,OBM v0.1.0
2010-05-21,obm_spent_value_ge155d_btc_days,0.00000000,BTC,daily,OBM v0.1.0
2010-05-22,obm_spent_value_ge155d_btc_days,0.00000000,BTC,daily,OBM v0.1.0
2010-05-23,obm_spent_value_ge155d_btc_days,0.00000000,BTC,daily,OBM v0.1.0
2010-05-24,obm_spent_value_ge155d_btc_days,0.00000000,BTC,daily,OBM v0.1.0
2010-05-25,obm_spent_value_ge155d_btc_days,0.00000000,BTC,daily,OBM v0.1.0
2010-05-26,obm_spent_value_ge155d_btc_days,0.00000000,BTC,daily,OBM v0.1.0
2010-05-27,obm_spent_value_ge155d_btc_days,0.00000000,BTC,daily,OBM v0.1.0
2010-05-28,obm_spent_value_ge155d_btc_days,0.00000000,BTC,daily,OBM v0.1.0
2010-05-29,obm_spent_value_ge155d_btc_days,850.00000000,BTC,daily,OBM v0.1.0
2010-05-30,obm_spent_value_ge155d_btc_days,0.00000000,BTC,daily,OBM v0.1.0
2010-05-31,obm_spent_value_ge155d_btc_days,0.00000000,BTC,daily,OBM v0.1.0
2010-06-01,obm_spent_value_ge155d_btc_days,0.00000000,BTC,daily,OBM v0.1.0
2010-06-02,obm_spent_value_ge155d_btc_days,0.00000000,BTC,daily,OBM v0.1.0
2010-06-03,obm_spent_value_ge155d_btc_days,0.00000000,BTC,daily,OBM v0.1.0
2010-06-04,obm_spent_value_ge155d_btc_days,0.00000000,BTC,daily,OBM v0.1.0
2010-06-05,obm_spent_value_ge155d_btc_days,0.00000000,BTC,daily,OBM v0.1.0
2010-06-06,obm_spent_value_ge155d_btc_days,0.00000000,BTC,daily,OBM v0.1.0
2010-06-07,obm_spent_value_ge155d_btc_days,0.00000000,BTC,daily,OBM v0.1.0
2010-06-08,obm_spent_value_ge155d_btc_days,0.00000000,BTC,daily,OBM v0.1.0
2010-06-09,obm_spent_value_ge155d_btc_days,0.00000000,BTC,daily,OBM v0.1.0
2010-06-10,obm_spent_value_ge155d_btc_days,0.00000000,BTC,daily,OBM v0.1.0
2010-06-11,obm_spent_value_ge155d_btc_days,0.00000000,BTC,daily,OBM v0.1.0
2010-06-12,obm_spent_value_ge155d_btc_days,0.00000000,BTC,daily,OBM v0.1.0
2010-06-13,obm_spent_value_ge155d_btc_days,50.00000000,BTC,daily,OBM v0.1.0
2010-06-14,obm_spent_value_ge155d_btc_days,2850.00000000,BTC,daily,OBM v0.1.0
2010-06-15,obm_spent_value_ge155d_btc_days,0.00000000,BTC,daily,OBM v0.1.0
2010-06-16,obm_spent_value_ge155d_btc_days,0.00000000,BTC,daily,OBM v0.1.0
2010-06-17,obm_spent_value_ge155d_btc_days,0.00000000,BTC,daily,OBM v0.1.0
2010-06-18,obm_spent_value_ge155d_btc_days,0.00000000,BTC,daily,OBM v0.1.0
2010-06-19,obm_spent_value_ge155d_btc_days,650.00000000,BTC,daily,OBM v0.1.0
2010-06-20,obm_spent_value_ge155d_btc_days,0.00000000,BTC,daily,OBM v0.1.0
2010-06-21,obm_spent_value_ge155d_btc_days,0.00000000,BTC,daily,OBM v0.1.0
2010-06-22,obm_spent_value_ge155d_btc_days,0.00000000,BTC,daily,OBM v0.1.0
2010-06-23,obm_spent_value_ge155d_btc_days,0.00000000,BTC,daily,OBM v0.1.0
2010-06-24,obm_spent_value_ge155d_btc_days,0.00000000,BTC,daily,OBM v0.1.0
2010-06-25,obm_spent_value_ge155d_btc_days,0.00000000,BTC,daily,OBM v0.1.0
2010-06-26,obm_spent_value_ge155d_btc_days,0.00000000,BTC,daily,OBM v0.1.0
2010-06-27,obm_spent_value_ge155d_btc_days,0.00000000,BTC,daily,OBM v0.1.0
2010-06-28,obm_spent_value_ge155d_btc_days,10.00000000,BTC,daily,OBM v0.1.0
2010-06-29,obm_spent_value_ge155d_btc_days,0.00000000,BTC,daily,OBM v0.1.0
2010-06-30,obm_spent_value_ge155d_btc_days,0.00000000,BTC,daily,OBM v0.1.0
2010-07-01,obm_spent_value_ge155d_btc_days,0.00000000,BTC,daily,OBM v0.1.0
2010-07-02,obm_spent_value_ge155d_btc_days,0.00000000,BTC,daily,OBM v0.1.0
2010-07-03,obm_spent_value_ge155d_btc_days,0.00000000,BTC,daily,OBM v0.1.0
2010-07-04,obm_spent_value_ge155d_btc_days,0.00000000,BTC,daily,OBM v0.1.0
2010-07-05,obm_spent_value_ge155d_btc_days,0.00000000,BTC,daily,OBM v0.1.0
2010-07-06,obm_spent_value_ge155d_btc_days,0.00000000,BTC,daily,OBM v0.1.0
2010-07-07,obm_spent_value_ge155d_btc_days,0.00000000,BTC,daily,OBM v0.1.0
2010-07-08,obm_spent_value_ge155d_btc_days,500.00000000,BTC,daily,OBM v0.1.0
2010-07-09,obm_spent_value_ge155d_btc_days,0.00000000,BTC,daily,OBM v0.1.0
2010-07-10,obm_spent_value_ge155d_btc_days,0.00000000,BTC,daily,OBM v0.1.0
2010-07-11,obm_spent_value_ge155d_btc_days,25.00000000,BTC,daily,OBM v0.1.0
2010-07-12,obm_spent_value_ge155d_btc_days,100.00000000,BTC,daily,OBM v0.1.0
2010-07-13,obm_spent_value_ge155d_btc_days,0.00000000,BTC,daily,OBM v0.1.0
2010-07-14,obm_spent_value_ge155d_btc_days,100.00000000,BTC,daily,OBM v0.1.0
2010-07-15,obm_spent_value_ge155d_btc_days,7500.00000000,BTC,daily,OBM v0.1.0
2010-07-16,obm_spent_value_ge155d_btc_days,450.00000000,BTC,daily,OBM v0.1.0
2010-07-17,obm_spent_value_ge155d_btc_days,0.00000000,BTC,daily,OBM v0.1.0
2010-07-18,obm_spent_value_ge155d_btc_days,4200.02000000,BTC,daily,OBM v0.1.0
2010-07-19,obm_spent_value_ge155d_btc_days,0.00000000,BTC,daily,OBM v0.1.0
2010-07-20,obm_spent_value_ge155d_btc_days,0.00000000,BTC,daily,OBM v0.1.0
2010-07-21,obm_spent_value_ge155d_btc_days,2975.00000000,BTC,daily,OBM v0.1.0
2010-07-22,obm_spent_value_ge155d_btc_days,0.00000000,BTC,daily,OBM v0.1.0
2010-07-23,obm_spent_value_ge155d_btc_days,750.00000000,BTC,daily,OBM v0.1.0
2010-07-24,obm_spent_value_ge155d_btc_days,0.00000000,BTC,daily,OBM v0.1.0
2010-07-25,obm_spent_value_ge155d_btc_days,0.00000000,BTC,daily,OBM v0.1.0
2010-07-26,obm_spent_value_ge155d_btc_days,18001.00000000,BTC,daily,OBM v0.1.0
2010-07-27,obm_spent_value_ge155d_btc_days,5750.00000000,BTC,daily,OBM v0.1.0
2010-07-28,obm_spent_value_ge155d_btc_days,150.00000000,BTC,daily,OBM v0.1.0
2010-07-29,obm_spent_value_ge155d_btc_days,50.00000000,BTC,daily,OBM v0.1.0
2010-07-30,obm_spent_value_ge155d_btc_days,0.00000000,BTC,daily,OBM v0.1.0
2010-07-31,obm_spent_value_ge155d_btc_days,1750.00000000,BTC,daily,OBM v0.1.0
2010-08-01,obm_spent_value_ge155d_btc_days,1800.00000000,BTC,daily,OBM v0.1.0
2010-08-02,obm_spent_value_ge155d_btc_days,0.00000000,BTC,daily,OBM v0.1.0
2010-08-03,obm_spent_value_ge155d_btc_days,0.00000000,BTC,daily,OBM v0.1.0
2010-08-04,obm_spent_value_ge155d_btc_days,2600.00000000,BTC,daily,OBM v0.1.0
2010-08-05,obm_spent_value_ge155d_btc_days,0.00000000,BTC,daily,OBM v0.1.0
2010-08-06,obm_spent_value_ge155d_btc_days,50.00000000,BTC,daily,OBM v0.1.0
2010-08-07,obm_spent_value_ge155d_btc_days,3500.00000000,BTC,daily,OBM v0.1.0
2010-08-08,obm_spent_value_ge155d_btc_days,1850.00000000,BTC,daily,OBM v0.1.0
2010-08-09,obm_spent_value_ge155d_btc_days,750.00000000,BTC,daily,OBM v0.1.0
2010-08-10,obm_spent_value_ge155d_btc_days,1800.26000000,BTC,daily,OBM v0.1.0
2010-08-11,obm_spent_value_ge155d_btc_days,0.00000000,BTC,daily,OBM v0.1.0
2010-08-12,obm_spent_value_ge155d_btc_days,0.00000000,BTC,daily,OBM v0.1.0
2010-08-13,obm_spent_value_ge155d_btc_days,0.00000000,BTC,daily,OBM v0.1.0
2010-08-14,obm_spent_value_ge155d_btc_days,0.00000000,BTC,daily,OBM v0.1.0
2010-08-15,obm_spent_value_ge155d_btc_days,0.00000000,BTC,daily,OBM v0.1.0
2010-08-16,obm_spent_value_ge155d_btc_days,0.00000000,BTC,daily,OBM v0.1.0
2010-08-17,obm_spent_value_ge155d_btc_days,0.00000000,BTC,daily,OBM v0.1.0
2010-08-18,obm_spent_value_ge155d_btc_days,800.00000000,BTC,daily,OBM v0.1.0
2010-08-19,obm_spent_value_ge155d_btc_days,0.00000000,BTC,daily,OBM v0.1.0
2010-08-20,obm_spent_value_ge155d_btc_days,0.00000000,BTC,daily,OBM v0.1.0
2010-08-21,obm_spent_value_ge155d_btc_days,150.00000000,BTC,daily,OBM v0.1.0
2010-08-22,obm_spent_value_ge155d_btc_days,0.00000000,BTC,daily,OBM v0.1.0
2010-08-23,obm_spent_value_ge155d_btc_days,0.00000000,BTC,daily,OBM v0.1.0
2010-08-24,obm_spent_value_ge155d_btc_days,0.00000000,BTC,daily,OBM v0.1.0
2010-08-25,obm_spent_value_ge155d_btc_days,0.00000000,BTC,daily,OBM v0.1.0
2010-08-26,obm_spent_value_ge155d_btc_days,0.00000000,BTC,daily,OBM v0.1.0
2010-08-27,obm_spent_value_ge155d_btc_days,700.00000000,BTC,daily,OBM v0.1.0
2010-08-28,obm_spent_value_ge155d_btc_days,0.00000000,BTC,daily,OBM v0.1.0
2010-08-29,obm_spent_value_ge155d_btc_days,0.00000000,BTC,daily,OBM v0.1.0
2010-08-30,obm_spent_value_ge155d_btc_days,0.00000000,BTC,daily,OBM v0.1.0
2010-08-31,obm_spent_value_ge155d_btc_days,1850.00000000,BTC,daily,OBM v0.1.0
2010-09-01,obm_spent_value_ge155d_btc_days,0.00000000,BTC,daily,OBM v0.1.0
2010-09-02,obm_spent_value_ge155d_btc_days,0.00000000,BTC,daily,OBM v0.1.0
2010-09-03,obm_spent_value_ge155d_btc_days,850.00000000,BTC,daily,OBM v0.1.0
2010-09-04,obm_spent_value_ge155d_btc_days,0.00000000,BTC,daily,OBM v0.1.0
2010-09-05,obm_spent_value_ge155d_btc_days,1250.44000000,BTC,daily,OBM v0.1.0
2010-09-06,obm_spent_value_ge155d_btc_days,100.00000000,BTC,daily,OBM v0.1.0
2010-09-07,obm_spent_value_ge155d_btc_days,0.00000000,BTC,daily,OBM v0.1.0
2010-09-08,obm_spent_value_ge155d_btc_days,0.00000000,BTC,daily,OBM v0.1.0
2010-09-09,obm_spent_value_ge155d_btc_days,0.00000000,BTC,daily,OBM v0.1.0
2010-09-10,obm_spent_value_ge155d_btc_days,0.00000000,BTC,daily,OBM v0.1.0
2010-09-11,obm_spent_value_ge155d_btc_days,0.00000000,BTC,daily,OBM v0.1.0
2010-09-12,obm_spent_value_ge155d_btc_days,0.00000000,BTC,daily,OBM v0.1.0
2010-09-13,obm_spent_value_ge155d_btc_days,0.00000000,BTC,daily,OBM v0.1.0
2010-09-14,obm_spent_value_ge155d_btc_days,0.00000000,BTC,daily,OBM v0.1.0
2010-09-15,obm_spent_value_ge155d_btc_days,50.00000000,BTC,daily,OBM v0.1.0
2010-09-16,obm_spent_value_ge155d_btc_days,50.00000000,BTC,daily,OBM v0.1.0
2010-09-17,obm_spent_value_ge155d_btc_days,24700.00000000,BTC,daily,OBM v0.1.0
2010-09-18,obm_spent_value_ge155d_btc_days,0.00000000,BTC,daily,OBM v0.1.0
2010-09-19,obm_spent_value_ge155d_btc_days,350.00000000,BTC,daily,OBM v0.1.0
2010-09-20,obm_spent_value_ge155d_btc_days,0.00000000,BTC,daily,OBM v0.1.0
2010-09-21,obm_spent_value_ge155d_btc_days,0.00000000,BTC,daily,OBM v0.1.0
2010-09-22,obm_spent_value_ge155d_btc_days,750.00000000,BTC,daily,OBM v0.1.0
2010-09-23,obm_spent_value_ge155d_btc_days,1.00000000,BTC,daily,OBM v0.1.0
2010-09-24,obm_spent_value_ge155d_btc_days,0.00000000,BTC,daily,OBM v0.1.0
2010-09-25,obm_spent_value_ge155d_btc_days,0.00000000,BTC,daily,OBM v0.1.0
2010-09-26,obm_spent_value_ge155d_btc_days,0.00000000,BTC,daily,OBM v0.1.0
2010-09-27,obm_spent_value_ge155d_btc_days,15200.00000000,BTC,daily,OBM v0.1.0
2010-09-28,obm_spent_value_ge155d_btc_days,47165.12000000,BTC,daily,OBM v0.1.0
2010-09-29,obm_spent_value_ge155d_btc_days,450.00000000,BTC,daily,OBM v0.1.0
2010-09-30,obm_spent_value_ge155d_btc_days,0.00000000,BTC,daily,OBM v0.1.0
2010-10-01,obm_spent_value_ge155d_btc_days,22500.00000000,BTC,daily,OBM v0.1.0
2010-10-02,obm_spent_value_ge155d_btc_days,0.00000000,BTC,daily,OBM v0.1.0
2010-10-03,obm_spent_value_ge155d_btc_days,0.00000000,BTC,daily,OBM v0.1.0
2010-10-04,obm_spent_value_ge155d_btc_days,2139.41000000,BTC,daily,OBM v0.1.0
2010-10-05,obm_spent_value_ge155d_btc_days,23246.49000000,BTC,daily,OBM v0.1.0
2010-10-06,obm_spent_value_ge155d_btc_days,0.00000000,BTC,daily,OBM v0.1.0
2010-10-07,obm_spent_value_ge155d_btc_days,1050.00000000,BTC,daily,OBM v0.1.0
2010-10-08,obm_spent_value_ge155d_btc_days,5700.00000000,BTC,daily,OBM v0.1.0
2010-10-09,obm_spent_value_ge155d_btc_days,1050.00000000,BTC,daily,OBM v0.1.0
2010-10-10,obm_spent_value_ge155d_btc_days,0.00000000,BTC,daily,OBM v0.1.0
2010-10-11,obm_spent_value_ge155d_btc_days,100.00000000,BTC,daily,OBM v0.1.0
2010-10-12,obm_spent_value_ge155d_btc_days,1000.00000000,BTC,daily,OBM v0.1.0
2010-10-13,obm_spent_value_ge155d_btc_days,15000.00000000,BTC,daily,OBM v0.1.0
2010-10-14,obm_spent_value_ge155d_btc_days,1800.00000000,BTC,daily,OBM v0.1.0
2010-10-15,obm_spent_value_ge155d_btc_days,3250.00000000,BTC,daily,OBM v0.1.0
2010-10-16,obm_spent_value_ge155d_btc_days,14900.00000000,BTC,daily,OBM v0.1.0
2010-10-17,obm_spent_value_ge155d_btc_days,625.00000000,BTC,daily,OBM v0.1.0
2010-10-18,obm_spent_value_ge155d_btc_days,0.00000000,BTC,daily,OBM v0.1.0
2010-10-19,obm_spent_value_ge155d_btc_days,0.00000000,BTC,daily,OBM v0.1.0
2010-10-20,obm_spent_value_ge155d_btc_days,0.00000000,BTC,daily,OBM v0.1.0
2010-10-21,obm_spent_value_ge155d_btc_days,50.00000000,BTC,daily,OBM v0.1.0
2010-10-22,obm_spent_value_ge155d_btc_days,0.00000000,BTC,daily,OBM v0.1.0
2010-10-23,obm_spent_value_ge155d_btc_days,0.00000000,BTC,daily,OBM v0.1.0
2010-10-24,obm_spent_value_ge155d_btc_days,450.00000000,BTC,daily,OBM v0.1.0
2010-10-25,obm_spent_value_ge155d_btc_days,0.00000000,BTC,daily,OBM v0.1.0
2010-10-26,obm_spent_value_ge155d_btc_days,0.00000000,BTC,daily,OBM v0.1.0
2010-10-27,obm_spent_value_ge155d_btc_days,1500.00000000,BTC,daily,OBM v0.1.0
2010-10-28,obm_spent_value_ge155d_btc_days,6000.00000000,BTC,daily,OBM v0.1.0
2010-10-29,obm_spent_value_ge155d_btc_days,507.05000000,BTC,daily,OBM v0.1.0
2010-10-30,obm_spent_value_ge155d_btc_days,0.00000000,BTC,daily,OBM v0.1.0
2010-10-31,obm_spent_value_ge155d_btc_days,100.00000000,BTC,daily,OBM v0.1.0
2010-11-01,obm_spent_value_ge155d_btc_days,1857.20000000,BTC,daily,OBM v0.1.0
2010-11-02,obm_spent_value_ge155d_btc_days,0.00000000,BTC,daily,OBM v0.1.0
2010-11-03,obm_spent_value_ge155d_btc_days,0.00000000,BTC,daily,OBM v0.1.0
2010-11-04,obm_spent_value_ge155d_btc_days,0.00000000,BTC,daily,OBM v0.1.0
2010-11-05,obm_spent_value_ge155d_btc_days,3950.00000000,BTC,daily,OBM v0.1.0
2010-11-06,obm_spent_value_ge155d_btc_days,0.00000000,BTC,daily,OBM v0.1.0
2010-11-07,obm_spent_value_ge155d_btc_days,50.00000000,BTC,daily,OBM v0.1.0
2010-11-08,obm_spent_value_ge155d_btc_days,70.00000000,BTC,daily,OBM v0.1.0
2010-11-09,obm_spent_value_ge155d_btc_days,1350.00000000,BTC,daily,OBM v0.1.0
2010-11-10,obm_spent_value_ge155d_btc_days,0.00000000,BTC,daily,OBM v0.1.0
2010-11-11,obm_spent_value_ge155d_btc_days,150.00000000,BTC,daily,OBM v0.1.0
2010-11-12,obm_spent_value_ge155d_btc_days,100.00000000,BTC,daily,OBM v0.1.0
2010-11-13,obm_spent_value_ge155d_btc_days,0.00000000,BTC,daily,OBM v0.1.0
2010-11-14,obm_spent_value_ge155d_btc_days,2800.00000000,BTC,daily,OBM v0.1.0
2010-11-15,obm_spent_value_ge155d_btc_days,31935.33000000,BTC,daily,OBM v0.1.0
2010-11-16,obm_spent_value_ge155d_btc_days,167.00000000,BTC,daily,OBM v0.1.0
2010-11-17,obm_spent_value_ge155d_btc_days,0.00000000,BTC,daily,OBM v0.1.0
2010-11-18,obm_spent_value_ge155d_btc_days,0.00000000,BTC,daily,OBM v0.1.0
2010-11-19,obm_spent_value_ge155d_btc_days,100.00000000,BTC,daily,OBM v0.1.0
2010-11-20,obm_spent_value_ge155d_btc_days,49.99000000,BTC,daily,OBM v0.1.0
2010-11-21,obm_spent_value_ge155d_btc_days,100.00000000,BTC,daily,OBM v0.1.0
2010-11-22,obm_spent_value_ge155d_btc_days,0.00000000,BTC,daily,OBM v0.1.0
2010-11-23,obm_spent_value_ge155d_btc_days,2650.00000000,BTC,daily,OBM v0.1.0
2010-11-24,obm_spent_value_ge155d_btc_days,3055.00000000,BTC,daily,OBM v0.1.0
2010-11-25,obm_spent_value_ge155d_btc_days,2705.00000000,BTC,daily,OBM v0.1.0
2010-11-26,obm_spent_value_ge155d_btc_days,150.00000000,BTC,daily,OBM v0.1.0
2010-11-27,obm_spent_value_ge155d_btc_days,700.00000000,BTC,daily,OBM v0.1.0
2010-11-28,obm_spent_value_ge155d_btc_days,0.00000000,BTC,daily,OBM v0.1.0
2010-11-29,obm_spent_value_ge155d_btc_days,0.00000000,BTC,daily,OBM v0.1.0
2010-11-30,obm_spent_value_ge155d_btc_days,1200.00000000,BTC,daily,OBM v0.1.0
2010-12-01,obm_spent_value_ge155d_btc_days,399.97000000,BTC,daily,OBM v0.1.0
2010-12-02,obm_spent_value_ge155d_btc_days,3950.00000000,BTC,daily,OBM v0.1.0
2010-12-03,obm_spent_value_ge155d_btc_days,0.00000000,BTC,daily,OBM v0.1.0
2010-12-04,obm_spent_value_ge155d_btc_days,750.00000000,BTC,daily,OBM v0.1.0
2010-12-05,obm_spent_value_ge155d_btc_days,0.00000000,BTC,daily,OBM v0.1.0
2010-12-06,obm_spent_value_ge155d_btc_days,0.00000000,BTC,daily,OBM v0.1.0
2010-12-07,obm_spent_value_ge155d_btc_days,5250.00000000,BTC,daily,OBM v0.1.0
2010-12-08,obm_spent_value_ge155d_btc_days,50.00000000,BTC,daily,OBM v0.1.0
2010-12-09,obm_spent_value_ge155d_btc_days,404.00000000,BTC,daily,OBM v0.1.0
2010-12-10,obm_spent_value_ge155d_btc_days,801.66000000,BTC,daily,OBM v0.1.0
2010-12-11,obm_spent_value_ge155d_btc_days,1.00000000,BTC,daily,OBM v0.1.0
2010-12-12,obm_spent_value_ge155d_btc_days,100.00000000,BTC,daily,OBM v0.1.0
2010-12-13,obm_spent_value_ge155d_btc_days,350.00000000,BTC,daily,OBM v0.1.0
2010-12-14,obm_spent_value_ge155d_btc_days,5.00000000,BTC,daily,OBM v0.1.0
2010-12-15,obm_spent_value_ge155d_btc_days,60.00000000,BTC,daily,OBM v0.1.0
2010-12-16,obm_spent_value_ge155d_btc_days,50.00000000,BTC,daily,OBM v0.1.0
2010-12-17,obm_spent_value_ge155d_btc_days,0.00000000,BTC,daily,OBM v0.1.0
2010-12-18,obm_spent_value_ge155d_btc_days,50.00000000,BTC,daily,OBM v0.1.0
2010-12-19,obm_spent_value_ge155d_btc_days,0.00000000,BTC,daily,OBM v0.1.0
2010-12-20,obm_spent_value_ge155d_btc_days,10500.00000000,BTC,daily,OBM v0.1.0
2010-12-21,obm_spent_value_ge155d_btc_days,25180.00000000,BTC,daily,OBM v0.1.0
2010-12-22,obm_spent_value_ge155d_btc_days,50.10000000,BTC,daily,OBM v0.1.0
2010-12-23,obm_spent_value_ge155d_btc_days,10.10000000,BTC,daily,OBM v0.1.0
2010-12-24,obm_spent_value_ge155d_btc_days,0.00000000,BTC,daily,OBM v0.1.0
2010-12-25,obm_spent_value_ge155d_btc_days,1100.00000000,BTC,daily,OBM v0.1.0
2010-12-26,obm_spent_value_ge155d_btc_days,700.00000000,BTC,daily,OBM v0.1.0
2010-12-27,obm_spent_value_ge155d_btc_days,905.00000000,BTC,daily,OBM v0.1.0
2010-12-28,obm_spent_value_ge155d_btc_days,0.00000000,BTC,daily,OBM v0.1.0
2010-12-29,obm_spent_value_ge155d_btc_days,100.02000000,BTC,daily,OBM v0.1.0
2010-12-30,obm_spent_value_ge155d_btc_days,0.05000000,BTC,daily,OBM v0.1.0
2010-12-31,obm_spent_value_ge155d_btc_days,0.00000000,BTC,daily,OBM v0.1.0
